epoch,accuracy,loss,val_accuracy,val_loss
0,0.5827500224113464,1.2023323774337769,0.8180000185966492,0.8535051345825195
